{"20": 0.022398209727827908, "11": 0.014815433715156683, "3": 0.0012867501987166255, "9": 0.0018581112567705315, "18": 0.021136271963172408, "13": 0.011678211051582616, "14": 0.005104778104720736, "2": 0.0034625053676956025, "10": 0.0038641516284750282, "19": 0.0046308210881521655, "1": 0.018298481271426744, "12": 0.0036644216347117738, "7": 0.0007093777544125194, "21": 0.0036915363656860535, "15": 0.0011415792089287666, "0": 0.0009397689306041925, "16": 0.008248772467719403, "17": 0.8830896644285519, "4": 0.020576520017419848, "6": 0.008957115310893056, "8": 0.0231360023592628, "5": 0.01641403761191366}